number,question
"173,",人体血液的microrna基因测序用什么材料好
"174,",哪些人需要做肿瘤筛查体检
"175,",哪些人可以做胃癌基因检测
"176,",如果一个人有遗传病那么他的后代是不是一直都会有这个基因
"177,",融合基因检测为什么要从rna开始
"178,",如何使用NIBC比较一个物种某基因与其他物种的同源性
"179,",如何使用unigene进行转录本的聚类
"180,",三级肝癌患者的治疗方案
"181,",为什么arms-pcr的灵敏度只有1
"182,",什么是ntrk基因融合
"183,",什么是pd-1
"184,",什么是SNP
"185,",什么是SNP位点
"186,",什么癌症会遗传
"187,",为什么肺癌要做ALK基因检测
"188,",什么是丰度
"189,",什么是单核苷酸多态性（SNP）
"190,",什么是“基因过表达”
"191,",什么是基因大数据分析
"192,",什么是基因组分析技术
"193,",做什么检查可以查出身体内有癌细胞
"194,",什么是生物信息学富集分析corumannotation
"195,",什么是实时荧光定量PCR检测指标是什么
"196,",什么是同源染色体
"197,",什么是遗传物质检测
"198,",肾癌什么时候采用靶向药物治疗
"199,",肾癌索坦耐药之后还有好办法吗
"200,",十二脂肠间质瘤口服的格列卫职工医疗保险能报吗
"201,",术后肺鳞癌患者该去哪里做基因靶向检测
"202,",数字pcr为什么对抑制剂不敏感
"203,",唐氏筛查有什么意义
"204,",提出来的DNA还能用来NGS测序吗
"205,",如何提高mirna的连接效率和特异性
"206,",如何提高NGS样品制备成功率
"207,",体检肿瘤筛查有用吗
"208,",听说通过基因检测能够预防产后抑郁症
"209,",同源染色体的基因型是否相同
"210,",外周血和骨髓的融合基因差异
"211,",晚期肺癌KRAS突变可以用靶向治疗吗
"212,",微卫星不稳定性检测是mss有没有可能是dmmr
"213,",胃间质瘤术后需要靶向治疗吗
"214,",我想问一下DNA检测的话用唾液试纸检测出的结果和血液检测出的结果一样吗
"215,",无创基因染色体检测21号染色体是4.016危险性高吗
"216,",细胞免疫治疗癌症骗局吗
"217,",先天性心脏病遗传吗
"218,",小肠间质瘤一定要做基因检测才能吃格列卫吗
"219,",我是小肠间质瘤已做手术请问再做基因检测有什么意义
"220,",小孩要做基因检测查他的兴趣爱好吗
"221,",小孩9个月WAS基因突变怎么办
"222,",新生儿查出遗传代谢病再次化验又不是了怎么会事
"223,",新生儿疾病筛查必须要做吗
"224,",胸腹水送检取样取几组
"225,",胸腹水样本送检要准备多少
"226,",胸腹水样本送检取样取几组
"227,",胸水样本存放有什么要求吗
"228,",胸水样本保存注意事项有哪些
"229,",样本有效期是多久
"230,",样本类型会影响活检结果吗
"231,",腰穿脑脊液样本常温5天会失效吗
"232,",药物作用的特异性靶点包括哪些
"233,",液体活检有什么优势
"234,",在医学遗传学中常用什么方法检测基因突变
"235,",遗传对得病的几率多大是百分百的吗
"236,",对遗传病的监测和预防手段有哪些
"237,",易瑞莎耐药后检查T790M没有突变可以吃奥希替尼吗
"238,",用于转录组测序的样品有什么要求
"239,",如何预防常染色体显性遗传病
"240,",如何预防小孩出生有先天性缺陷呢
"241,",原发肝癌转移肺癌吃什么靶向药好
"242,",用原位杂交检测检测准确还是PCR技术准确
"243,",早期肺癌手术后为什么还需要再做基因检测
"244,",早期肺癌手术后医生让做基因检测的用意是什么
"245,",长链非编码rnapcr的方法是不是和mrna一样
"246,",长链非编码rna和普通rna的区别
"247,",长链非编码rna为什么要做全长race
"248,",长期服用埃克替尼会耐药吗
"249,",真的可以做到一滴血查癌
"250,",直系同源结果有何应用
"251,",用质谱仪如何判断DNA甲基化
"252,",治疗肝癌的靶向药物进口和国产的在效果上有区别吗
"253,",肿瘤个体化诊疗基因检测有哪些方法
"254,",哪些肿瘤需要检测微卫星不稳定性
"255,",重排基因有寡克隆是什么意思
"256,",转录组分析中go分析中的fpc什么意思
"257,",转录组测序unigene长度和取材部位有关吗
"258,",转录组测序回来的序列是mrna还是基因序列
"259,",组织标本是否可以送二代测序送检
"260,",做个头颈鳞癌的基因检查大概要多少钱啊
