英,媒,：,拜,仁,签,下,库,阿,西,，,阿,森,纳,引,进,乌,帕,梅,卡,诺,已,无,对,手
记,者,：,国,安,拒,绝,出,租,金,玟,哉,，,球,员,有,望,很,快,回,归,国,内
西,蒙,尼,：,托,马,斯,对,马,竞,至,关,重,要,，,以,至,于,许,多,豪,强,都,想,要,他
迪,士,尼,员,工,每,周,清,洁,一,次,房,间,，,N,B,A,人,员,需,佩,戴,魔,法,手,环
西,安,国,际,足,球,中,心,效,果,图,出,炉,，,融,入,周,秦,与,汉,唐,元,素
贾,磊,：,北,京,队,可,在,复,赛,前,更,换,外,援,，,此,申,请,不,计,入,更,换,次,数
山,东,商,报,：,格,德,斯,已,获,签,证,，,因,航,班,原,因,无,法,返,回
复,赛,后,检,测,新,冠,阳,性,人,员,必,须,立,即,进,入,隔,离,房,屋
图,片,报,：,为,了,留,住,桑,乔,，,多,特,愿,意,涨,薪,到,1,0,0,0,万,欧
球,队,老,板,被,允,许,观,看,训,练,或,比,赛,，,但,不,得,产,生,近,距,离,接,触
原,五,人,制,国,脚,球,场,猝,死,，,所,属,俱,乐,部,处,境,困,难,仍,积,极,善,后
法,国,足,球,：,本,耶,德,尔,希,望,离,队,，,多,家,英,超,豪,门,有,意,引,进
天,空,体,育,：,避,免,接,触,，,意,杯,冠,军,队,将,自,行,领,取,奖,杯,和,奖,牌
图,片,报,：,科,技,公,司,为,多,特,提,供,设,备,，,测,试,球,迷,入,场,的,可,能
北,京,回,应,健,康,宝,变,色,，,网,友,热,议,：,少,出,门,少,聚,集,啊
晚,旗,报,：,进,球,或,亮,眼,时,刻,会,放,背,景,音,乐,，,球,员,可,以,提,前,选,好
汉,堡,未,能,取,胜,，,比,勒,菲,尔,德,提,前,3,轮,升,级,1,1,年,后,重,返,德,甲
球,员,和,工,作,人,员,可,以,在,酒,店,里,打,牌,，,但,需,丢,弃,使,用,过,的,纸,牌
联,盟,允,许,球,员,及,员,工,参,加,抗,议,活,动,，,建,议,咨,询,避,免,感,染,建,议
为,进,攻,带,来,丰,富,经,验,，,经,纪,人,：,曼,联,已,经,与,威,廉,开,始,接,洽
岳,云,鹏,老,婆,回,应,病,情,，,网,友,热,议,：,没,事,就,好,，,浓,眉,大,眼,光,头,也,是,美,人,！,祝,早,日,康,复,哈,哈,哈,哈,哈,哈
东,体,：,赛,区,负,责,人,主,动,询,问,足,协,，,才,知,道,双,赛,区,方,案,已,被,否
瓜,迪,奥,拉,：,席,尔,瓦,会,踢,完,这,个,赛,季,，,希,望,能,给,他,完,美,的,告,别
北,京,多,条,高,速,公,路,封,闭,系,谣,言,，,网,友,热,议,：, ,造,谣,的,都,什,么,心,理,，,唯,恐,天,下,不,乱,么
图,片,报,：,拜,仁,本,周,末,将,办,夺,冠,派,对,，,但,不,会,有,女,性,参,加
英,国,政,府,：,如,果,球,迷,违,反,规,定,，,球,队,比,赛,则,将,移,至,中,立,场,地
股,神,巴,菲,特,宣,布,退,休,，,网,友,热,议,：,造,谣,的,目,的,是,什,么,，,股,市,会,涨,吗
记,者,：,欧,文,没,在,篮,网,队,内,群,聊,中,说,球,员,自,组,联,盟,，,他,目,前,已,退,群
西,班,牙,人,半,年,多,来,首,次,摆,脱,西,甲,榜,尾,，,此,前,连,续,1,3,轮,垫,底
詹,姆,斯,等,湖,人,球,员,长,期,在,私,人,球,馆,训,练,，,6,月,2,4,日,起,将,被,禁,止
佐,佐,木,希,复,工,，,网,友,热,议,：,要,你,道,啥,歉,？,？,女,神,，,硬,气,一,点,好,吗,！
记,者,分,享,N,B,A,官,方,复,赛,指,导,手,册,插,画,：,详,细,诠,释,各,项,规,定
N,B,A,正,探,讨,在,替,补,席,指,定,位,置,为,球,员,配,备,私,人,球,童,的,可,能,性
苹,果,A,i,r,P,o,d,s,爆,炸,，,网,友,热,议,：,我,觉,得,是,个,假,货,，,然,后,碰,瓷,了
斯,特,林,：,不,再,沉,默,，,为,黑,人,发,声
官,方,：,葡,萄,牙,足,协,与,国,家,队,主,帅,桑,托,斯,续,约,至,2,0,2,4,年
部,分,媒,体,人,员,将,在,复,赛,后,居,住,在,比,赛,园,区,内,，,定,期,接,受,检,测
推,搡,武,磊,引,不,满,，,赫,塔,菲,球,员,肯,尼,迪,i,n,s,被,中,国,网,友,怒,喷
参,赛,球,队,需,举,行,会,议,告,知,球,员,在,园,区,内,不,应,该,发,生,的,举,止
舒,梅,切,尔,：,索,帅,已,经,建,立,了,强,大,的,队,伍,，,曼,联,有,现,在,很,多,领,袖
惯,犯,了,！,武,磊,替,补,下,场,时,，,遭,英,超,旧,将,肯,尼,迪,推,搡
青,岛,本,土,“,双,塔,”,打,天,下,！,吴,庆,龙,：,打,好,复,赛,，,稳,固,排,名
统,治,！,拜,仁,成,五,大,联,赛,第,3,支,，,拿,到,3,0,个,国,内,联,赛,冠,军,球,队
瓜,迪,奥,拉,：,我,为,拉,什,福,德,和,斯,特,林,的,善,举,感,到,骄,傲
医,师,小,组,将,审,核,因,健,康,原,因,被,球,队,批,准,不,参,赛,球,员,的,决,定
S,h,a,m,s,：,检,测,结,果,阳,性,球,员,隔,离,后,多,次,检,测,转,阴,将,恢,复,活,动
S,h,a,m,s,：,球,员,可,以,在,比,赛,园,区,内,选,择,佩,戴,近,距,离,警,报,器
特,里,：,刚,进,一,队,用,奖,金,买,车,，,怀,斯,看,后,抓,住,我,脖,子,让,我,退,货
巩,晓,彬,：,目,标,第,一,步,进,季,后,赛,，,个,别,伤,员,暂,时,留,守
球,员,和,球,队,人,员,在,无,免,责,事,由,的,情,况,下,不,得,离,开,比,赛,园,区
S,h,a,m,s,：,不,遵,守,健,康,安,全,规,则,的,球,员,将,面,临,罚,款,停,赛,等,处,罚
后,会,有,期,！,帕,德,博,恩,成,为,本,赛,季,第,一,支,降,级,的,德,甲,球,队
1,1,岁,男,孩,奔,跑,为,消,防,带,路,获,众,人,点,赞,，,网,友,热,议,：,每,个,男,孩,心,里,都,有,一,个,英,雄,梦
高,拉,特,I,n,s,晒,照,，,发,现,凌,乱,胡,须,满,脸,略,显,沧,桑
云,南,梅,里,雪,山,现,日,月,同,辉,奇,观, ,“,日,照,金,山,”,、,“,日,月,同,辉,”,景,象,让,人,惊,叹, ,网,友,亮,评,论,：,太,美,了
青,年,头,插,菜,刀,在,医,院,等,候,治,疗, ,到,底,怎,么,回,事, ,网,友,亮,评,论,：,这,是,怎,么,做,到,的
肖,战,回,应,近,期,争,议, ,网,友,热,议,：,得,饶,人,处,且,饶,人
广,东,多,地,暴,雨,红,色,预,警,生,效, ,网,友,亮,回,复,：,希,望,赶,紧,好,起,来
复,赛,后,N,B,A,将,设,置,两,排,板,凳,席,，,联,盟,建,议,教,练,佩,戴,口,罩
复,赛,后,球,员,感,染,人,数,在,预,期,范,围,内,，,赛,季,不,会,中,断,或,取,消
